"Id","Name","Name_Lang","Branche","Typ","Adresse","PLZ","E-Mail","Homepage","Tel","Fax","Datenquelle","Pruefung"
1,"Bildungsdirektion Salzburg","Bildungsdirektion Salzburg","Bildung","Behörde","Mozartplatz 8-10",5010,"homepage@bildung-sbg.gv.at",,"+436628083","'+4366280831099",,"19.08.2020"
2,"Landespolizeidirektion Salzburg","Landespolizeidirektion Salzburg","Infrastruktur","Polizei","Alpenstraße 90",5020,"LPD-S@polizei.gv.at",,"+4359133500","+4359133507800",,"19.08.2020"
3,"Wirtschaftskammer Salzburg","Wirtschaftskammer Salzburg","Interessensvertretung","Kammer","Julius-Raab-Platz 1",5027,"info@wks.at",,"+4366288880","+436628888188",,"18.08.2020"
4,"Rechtanswaltskammer Salzburg","Rechtanswaltskammer Salzburg","Interessensvertretung","Kammer","Imbergstraße 31C",5020,"info@srak.at",,"+43662640042","+43662640428",,"18.08.2020"
5,"Landeszahnärztekammer Salzburg","Landeszahnärztekammer Salzburg","Interessensvertretung","Kammer","Rochusgasse 4",5020,"office@sbg.zahnaerztekammer.at",,"+43505115020","+43505115025",,"18.08.2020"
6,"Notariatskammer für Salzburg","Notariatskammer für Salzburg","Interessensvertretung","Kammer","Ignaz-Harrer-Straße 7",5020,"salzburg@notariatskammer.at",,"+43662845359","+436628453594",,"18.08.2020"
7,"Ärztekammer Salzburg","Ärztekammer Salzburg","Interessensvertretung","Kammer","Faberstraße 10",5020,"aeksbg@aeksbg.at",,"+436628713270","+4366287132710",,"18.08.2020"
8,"Apothekerkammer Salzburg","Apothekerkammer Salzburg","Interessensvertretung","Kammer","Alpenstraße 112/2",5020,"salzburg@apothekerkammer.at",,"+43662627496","+4366262751314",,"18.08.2020"
9,"Arbeiterkammer Salzburg","Kammer für Arbeiter und Angestellte für Salzburg","Interessensvertretung","Kammer","Markus-Sittikus-Straße 10",5020,"kontakt@ak-salzburg.at",,"+436628687","+43662876258",,"18.08.2020"
10,"Kammer der Steuerberater und Wirtschaftsprüfer Salzburg","Kammer der Steuerberater und Wirtschaftsprüfer Salzburg","Interessensvertretung","Kammer","Rainerstraße 5/3",5020,"salzburg@ksw.or.at",,"+436628711680","+436628711683",,"18.08.2020"
11,"Kammer der ZiviltechnikerInnen für Oberösterreich und Salzburg","Kammer der ZiviltechnikerInnen für Oberösterreich und Salzburg","Interessensvertretung","Kammer","Kaarstraße 2/II",4040,"linz@arching-zt.at",,"+43732738394","+437327383944",,"18.08.2020"
12,"Salzburger Landarbeiterkammer","Salzburger Kammer für Arbeiter und Angestellte in der Land- und Forstwirtschaft","Interessensvertretung","Kammer","Schrannengasse 2/3/1, Postfach 11",5027,"landarbeiterkammer@lak-sbg.at",,"+436628712320","+436628712324",,"18.08.2020"
13,"KFA der Magistratsbeamten der Landeshauptstadt Salzburg","Krankenfürsorgeanstalt der Magistratsbeamten der Landeshauptstadt Salzburg","Gesundheit","Krankenfürsorgeanstalt","Mirabellplatz 4","5024","kfa@stadt-salzburg.at",,"'+4366280722530",,,"20.08.2020"
14,"KFA der Beamten der Stadtgemeinde Hallein","Krankenfürsorgeeinrichtung der Beamten der Stadtgemeinde Hallein","Gesundheit","Krankenfürsorgeanstalt","Schöndorferplatz 14","5400","stadtamt@hallein.gv.at",,"+4362458988168",,,"20.08.2020"
15,"KFA der Beamten der Gemeinde Bad Gastein","Krankenversicherungsfonds der Beamten der Gemeinde Bad Gastein","Gesundheit","Krankenfürsorgeanstalt","Kaiser-Franz-Josef-Straße 1","5640",,,"+436434374423",,,"20.08.2020"
16,"MOZ","Universität Mozarteum Salzburg","Bildung","Universität","Mirabellplatz 1",5020,"info@moz.ac.at",,"'+4366261980","'+4366261983033",,"23.08.2020"
17,"Uni Salzburg","Paris-Lodron-Universität Salzburg","Bildung","Universität","Kapitelgasse 4",5020,"datenschutz@sbg.ac.at",,"'+4366280440","'+436628044145",,"24.08.2020"
18,"PMU","Paracelsus Medizinische Privatuniversität Salzburg – Privatstiftung","Bildung","Privatuniversität","Strubergasse 21",5020,"datenschutz@pmu.ac.at",,"'+4366224200","+43662242080009",,"24.08.2020"
19,"Uni Seeburg","Privatuniversität Schloss Seeburg GmbH","Bildung","Privatuniversität","Seeburgstraße 8",5201,"info@uni-seeburg.at",,"'+43621226260",,,"24.08.2020"
20,"FH Salzburg","Fachhochschule Salzburg GmbH","Bildung","Fachhochschule","Urstein Süd 1",5412,"medien@fh-salzburg.ac.at",,"'+435022110","'+435022111099",,"24.08.2020"
21,"PH Salzburg","Pädagogische Hochschule Salzburg Stefan Zweig","Bildung","Pädagogische Hochschule","Akademiestraße 23-25",5020,"office@phsalzburg.at",,"+4366263880","+4366263881010",,"24.08.2020"
22,"FPÖ","Die Freiheitlichen, Landespartei Salzburg","Interessensvertretung","Partei","Ginzkeyplatz 10/I/1/3",5020,"salzburg@fpoe.at ",,"+436626281200","+4366262812033",,"19.09.2020"
23,"KPÖ","KPÖ PLUS Salzburg","Interessensvertretung","Partei","Elisabethstraße 11",5020,"salzburg@kpoe-plus.at",,,,,"19.09.2020"
24,"SPÖ","Sozialdemokratische Partei Österreichs - Landesorganisation Salzburg","Interessensvertretung","Partei","Wartelsteinstrasse 1",5020,"webseite.salzburg@spoe.at",,"+436624245000","+43662424500190",,"19.09.2020"
25,"Die Grünen","Die GRÜNEN Salzburg","Interessensvertretung","Partei","Glockengasse 6",5020,"salzburg@gruene.at",,"+43662876337","+4366287633722",,"19.09.2020"
26,"NEOS","NEOS – Das Neue Österreich und Liberales Forum","Interessensvertretung","Partei","Haydnstraße 10",5020,"salzburg@neos.eu",,"+4366488782432",,,"19.09.2020"
27,"Liste SALZ","Dr. Christoph Ferch","Interessensvertretung","Partei","Mirabellplatz 4, Zimmer 108",5024,"kontakt@liste-salz.at",,"+4366280722851",,,"19.09.2020"
28,"ÖVP","Salzburger Volkspartei","Interessensvertretung","Partei","Merianstraße 13",5020,"info@oevp-sbg.at",,"+4366286980","+436628698018",,"19.09.2020"
